{
    "parametres": [
        "4:2:2 10-bit",
        "4:2:2 8-bit",
        "4:2:0 10-bit",
        "4:2:0 8-bit",
        "4:1:1 8-bit"
    ],
    "tps_ultrafast": [
        4.254943606795044e-06,
        1.6033777405049912e-06,
        2.181323536890504e-06,
        4.513984896847855e-06,
        3.8021297888253227e-06
    ],
    "comp_ultrafast": [
        0.0,
        0.0,
        0.0,
        0.0,
        0.0
    ],
    "tps_superfast": [
        1.8697684112623805e-06,
        2.692536561862072e-06,
        4.469636389899633e-06,
        2.2227981540769826e-06,
        3.4626050055910278e-06
    ]
}